{
  "eye": {
    "orientation": [
      0,
      0,
      -0.1980198174715042,
      0.9801980257034302
    ],
    "magnitude": 0.5773502588272095,
    "position": [
      -10,
      0,
      200
    ]
  },
  "paths": [],
  "ortho": false,
  "radius": 100,
  "visualHints": 3
}